Id,Day of Created At,Day of Start Date,Day of End Date,Amount Usd,Status,Revenue Type
tr_04dGtSZVJETb0V1GKfVjQ,2017-02-15,2017-01-16,2017-02-15,79.30999755859375,paid,SPE
tr_05rEFS5VYlY3oWiQZDS4w,2017-07-13,2017-07-15,2017-08-15,900.0,paid,SPC
tr_0avFvMfJClEWaH59JydfA,2017-03-23,2017-03-23,2017-04-23,90.0,paid,SPC
tr_0dhWjYt1wsV1dPiblwBsQ,2017-01-23,2017-01-23,2017-02-23,90.0,paid,SPC
tr_0iQhf4bUdB8oktfIDGVKdQ,2017-07-03,2018-02-01,2018-03-01,2800.0,issuable,SPC
tr_0q2M179EJuzBZ9BgP22KAg,2017-07-26,2017-11-01,2017-12-01,2500.0,issuable,SPC
tr_0RWvM3v6sNlfEUUECihexw,2017-05-03,2017-04-03,2017-05-03,33.65999984741211,paid,SPE
tr_0RxzuXc3C0yLJJmXhEc3g,2017-04-26,2017-04-26,2017-05-26,1500.0,voided,SPC
tr_0uwd8pTJIYCuLmaqvJg,2017-07-26,2018-05-01,2018-06-01,2500.0,issuable,SPC
tr_0yIher2PiYKMoiyaXzIrA,2017-06-12,2017-06-12,2017-07-12,450.0,paid,SPC
tr_0zVkQKtQExYWWautWW9vA,2017-01-30,2016-12-30,2017-01-30,6442.759765625,paid,SPE
tr_137YzyMdD1ue1pDFv7q4yQ,2017-06-27,2017-09-01,2017-12-01,2700.0,issuable,SPC
tr_15sxIXe5XVid3huFBF6lDw,2017-06-01,2017-05-01,2017-06-01,630.3099975585938,paid,SPE
tr_16lk11tjieA2WypzGUlzA,2017-02-06,2017-01-06,2017-02-06,1371.199951171875,paid,SPE
tr_1hQxzAD8zIt9iXs25duDA,2017-06-17,,,20.059999465942383,paid,TOP
tr_1KnVLhUm0SUoMUgmGPuHg,2017-04-01,,,18.6200008392334,paid,TOP
tr_1LCn79DMwQryJ3gUfRKg,2017-02-22,,,60.0,paid,TOP
tr_1NLofkp2hetB2MLiXMTQ,2017-05-05,2017-04-01,2017-05-01,57.0,paid,SPE
tr_1oHYXy0vbqgb3pmgol1TdA,2017-03-07,,,90.0,paid,TOP
tr_1ongLDcPoRSKLupcTLwBWg,2017-05-09,2017-04-09,2017-05-09,1183.77001953125,paid,SPE
tr_1ozv3Sn6okNMLVhsdIuA,2017-08-09,2017-08-09,2017-09-09,110.0,paid,SPC
tr_1SRnhQxSNxWjTAiMEfog,2017-01-17,2017-01-01,2017-02-01,9.0,paid,SPC
tr_29b2RBNc55jRac9gMScWDw,2017-08-01,2017-07-01,2017-08-01,42.0,paid,SPE
tr_2C6kQe00XfiQ0xgTDw,2017-06-27,2017-06-01,2017-09-01,2700.0,overdue,SPC
tr_2gw1zy0x8ggUV5y4S4ifJw,2017-05-17,,,44.349998474121094,paid,TOP
tr_2hJ4w6iWXsSJpUa7WcpuwA,2017-07-03,2017-08-01,2017-08-31,1400.0,not_invoiced,SPC
tr_2jxtrP3o2e5kYWzvE30g,2017-06-28,2017-05-28,2017-06-28,107.25,paid,SPE
tr_2MHeNaHlwt6waS7mhGtY7g,2017-01-14,2017-01-14,2017-02-14,450.0,paid,SPC
tr_2okUJvhgEj0lyNJv4kQ,2017-06-23,2017-06-23,2017-07-23,90.0,paid,SPC
tr_2q9s9i2HBEyfnzVFm36Hkg,2017-07-09,2017-06-09,2017-07-09,611.989990234375,paid,SPE
tr_2TB7eNNeZuHqdXLnYVw,2017-05-05,2017-05-01,2017-06-01,390.0,paid,SPC
tr_2Ut5VnoK3KpIMW8JqdLcfA,2017-03-28,2017-02-28,2017-03-28,71.01000213623047,paid,SPE
tr_2V6Fbf3dZXLr7i9v6a6ww,2017-03-13,2017-02-01,2017-03-01,403.0,paid,SPE
tr_2vFBN726D63IGNrsZYCRA,2017-03-28,2017-02-28,2017-03-28,48.29999923706055,paid,SPE
tr_2ykr2W1Cj9irY4R37hLEw,2017-03-28,2017-03-28,2017-04-28,110.0,paid,SPC
tr_2ZdR5iD8lxtHngC2t7qQ,2017-01-24,2017-01-09,2017-07-09,3600.0,paid,SPC
tr_32IqLLvzoyystmnmUdXU2Q,2017-07-03,2018-03-01,2018-04-01,2800.0,issuable,SPC
tr_35TNtjoaMWdJXwoXUm01A,2017-06-06,2017-06-06,2017-07-06,450.0,paid,SPC
tr_36AsqX92CX63C3SIr7DA,2017-07-12,2017-12-01,2018-01-01,1000.0,issuable,SPC
tr_37HNDtHtKeqTuRXK8SVw,2017-02-26,2017-02-26,2017-03-26,1500.0,paid,SPC
tr_3BB7rItIjZg7Kyv6y2aKQ,2017-06-19,2017-06-19,2017-07-19,150.0,paid,SPC
tr_3GGT9TfavNLEuBWi865ARw,2017-02-07,2016-11-19,2016-12-19,150.0,paid,SPC
tr_3gR4dl2qDY2oXScNglQ23Q,2017-02-11,,,45.58000183105469,paid,TOP
tr_3iZpxjvZqqjodTA5TmZYpA,2017-05-09,2017-05-09,2017-06-09,1500.0,voided,SPC
tr_3l2TQur6iSLbR03T49mPQ,2017-08-12,2017-08-12,2017-09-12,110.0,overdue,SPC
tr_3SDCDQhaBY63KJkGohi9yw,2017-06-12,2017-05-12,2017-06-12,17.989999771118164,paid,SPE
tr_3TqXClqRr0RAxoj4g,2017-06-14,2017-06-15,2017-07-15,900.0,paid,SPC
tr_3UiC7kmypjUU93rQsCrc5Q,2017-05-23,,,48.0,paid,TOP
tr_3x4WrIWWjTICVDx1YMZcA,2017-02-25,2017-01-01,2017-02-01,153.3300018310547,paid,SPE
tr_3zb1qpK6kzSNscRhJdkg,2017-03-28,,,417.260009765625,paid,TOP
tr_40JxgS06g704w5xlKFt9nA,2017-01-19,2017-01-01,2017-02-01,29.0,paid,SPC
tr_40rygf5w0uAM9cXDaG9A,2017-01-05,2016-12-01,2017-01-01,24.200000762939453,paid,SPE
tr_41xrb3G97fYnBCSFCm0HoA,2017-01-09,2017-04-05,2017-07-04,812.5,paid,SPC
tr_4CJTKCKCjKKFNb7Y0sbWQ,2017-03-28,2017-03-28,2017-04-28,1500.0,paid,SPC
tr_4EQGnJZKx5RSpAg3ml2J5w,2017-04-09,2017-03-09,2017-04-09,1032.6800537109375,paid,SPE
tr_4FwAMg9HpRPzjxWfdR1pUg,2017-01-30,2017-02-01,2017-05-01,21187.220703125,paid,SPC
tr_4lNcVuy0DUMsGq1EnZowyw,2017-08-01,2017-08-01,2017-09-01,110.0,overdue,SPC
tr_4mDIZJVMfB2kn6ubp30DLg,2017-05-05,2017-04-15,2017-05-15,900.0,paid,SPC
tr_4NRBd0J7WmwsLb6lgSAJlw,2017-03-12,2017-03-12,2017-04-12,110.0,paid,SPC
tr_4pp8MBo7nCupQaw5hd7cA,2017-07-23,2017-07-23,2017-08-23,90.0,paid,SPC
tr_4qIx3aNMzbnmWHFRcCgxGg,2017-02-06,2017-02-01,2017-05-01,2610.0,paid,SPC
tr_4w8dPhaDsPqpxkALb3GQhA,2017-05-05,2017-05-05,2017-06-05,110.0,paid,SPC
tr_4XQ9ZSwe3XsVjLpGHVAg,2017-04-19,2017-05-01,2018-04-01,2475.0,paid,SPC
tr_5a87fy1uDkGD1WfUtCPzw,2017-06-02,2017-05-01,2018-04-30,49200.0,paid,SPC
tr_5bSRjqLTF2j3TeW296jfMA,2017-02-19,2017-02-19,2017-03-19,249.0,voided,SPC
tr_5CRdnGXDu12234qtzuCA,2017-01-07,2016-12-07,2017-01-07,902.72998046875,paid,SPE
tr_5InRSmA1NqzJ6qqPGDf0A,2017-04-28,2017-03-28,2017-04-28,34.099998474121094,paid,SPE
tr_5kHqBg06Ya44AmcUqyMQ,2017-03-08,,,635.3200073242188,paid,TOP
tr_5Md4vUeqdjP0iVsURnnSWQ,2017-05-05,2017-05-05,2017-06-05,110.0,issued,SPC
tr_5NvY33LTAgtFK36pkAQ6tA,2017-04-06,2017-03-06,2017-04-06,847.0599975585938,paid,SPE
tr_5oxUkA1IAwbYBiSxs8hQg,2017-03-13,2017-03-01,2017-04-01,29.0,paid,SPC
tr_5TG1hlPXTUrHUwtJ4vsWg,2017-04-07,2017-03-07,2017-04-07,510.92999267578125,paid,SPE
tr_5Yz9CTesDRez7WEFXDDcw,2017-01-10,,,3.4200000762939453,paid,TOP
tr_6419EXHNv4eKTt0YnEg,2017-07-31,,,60.0,issued,TOP
tr_6BAiX7ZH3Wf79yH4Enu9A,2017-01-05,2016-12-01,2017-01-01,100.0,paid,SPC
tr_6Ef8JQPuc4klcNvd1qsw6A,2017-01-19,2017-01-01,2017-02-01,390.0,paid,SPC
tr_6Kki5S6xvZDNTcjJgPMg,2017-04-26,2017-04-03,2018-04-02,33960.0,paid,SPC
tr_6LE9MFabzoS5nU48QDesg,2017-08-07,2017-07-07,2017-08-07,1412.3399658203125,overdue,SPE
tr_6MhFVPQgFDKtgEhfNZdQ6Q,2017-01-30,2016-12-30,2017-01-30,97.62999725341797,paid,SPE
tr_6MQEFY6c8wq9W8xipBTRKQ,2017-02-06,2017-11-01,2018-02-01,2610.0,issuable,SPC
tr_6Rcl8kaX7qNyTVgiMPQ,2017-01-20,,,60.0,paid,TOP
tr_6tns1lmtzzNHwGBpvIg8zA,2017-05-02,2017-05-01,2017-06-01,100.0,paid,SPC
tr_6TqJ9zwd5YvHvE25k3uxQ,2017-05-01,2017-05-01,2017-06-01,110.0,paid,SPC
tr_6wmy5uxoAccmqapz2VyIlQ,2017-01-07,2017-01-07,2017-02-07,900.0,paid,SPC
tr_6x7XiArFiRfaXMixDVKltg,2017-07-05,2017-07-01,2017-08-01,2500.0,issued,SPC
tr_6zTXe3mbgwW6hGpY7ning,2017-02-03,2017-02-01,2017-03-01,95.0,paid,SPC
tr_71J1bNWiQ05eh0Y04LM2Q,2017-02-25,2017-02-25,2017-08-25,4500.0,paid,SPC
tr_79g0EpqnTPCyNN50niRoQ,2017-06-26,2017-06-01,2017-07-01,1500.0,overdue,SPC
tr_7cCNCRZVdxUsLASNkYnMA,2017-02-23,,,250.0,paid,TOP
tr_7KV9SijSSuTlQcXDY52qw,2017-06-30,2017-06-01,2017-07-01,30.0,paid,SPE
tr_7LvQA40RfPMszDmK5LIQ,2017-01-17,2017-01-01,2017-02-01,45.0,paid,SPC
tr_7mUsemP6Zo774ha89YAKZQ,2017-02-28,2017-02-28,2017-03-28,110.0,paid,SPC
tr_7nLXDzknUhSZrAHpm7T2Q,2017-02-10,,,108.55999755859375,paid,TOP
tr_81mRHIiPMHSoTZ1Ch9fw,2017-02-01,2017-02-01,2017-03-01,1425.0,paid,SPC
tr_8a9dXMkpmRi3FaekJoQ,2017-01-19,2017-02-01,2017-03-01,45.0,paid,SPC
tr_8E9CXxfrZxM4hot2l3hVEQ,2017-04-01,2017-03-01,2017-04-01,785.7000122070312,paid,SPE
tr_8k2YCx7qxH8slP1a2g,2017-07-12,2018-01-01,2018-02-01,1400.0,issuable,SPC
tr_8NZHKzhXXQratD2YmNDQ,2017-02-14,2017-02-14,2017-03-14,450.0,voided,SPC
tr_8PJ8dRNUIbzalsi3nF5A,2017-06-30,2017-06-01,2017-07-01,623.2000122070312,paid,SPE
tr_8siQMZtLWRAfDLmegf6YQ,2017-08-01,2017-11-01,2017-12-01,45.0,issuable,SPC
tr_8tKxZfwuZY92dSuIEhalA,2017-04-24,2017-04-24,2017-05-24,110.0,paid,SPC
tr_8ukhIPC8ZDAp8fDRm9Rg8A,2017-03-08,,,462.739990234375,paid,TOP
tr_8UNHnQ5nBeavEdhnhhq2Dg,2017-08-14,2017-07-14,2017-08-14,7.800000190734863,issued,SPE
tr_96yrLrXReaL7yEF44sSFg,2017-05-07,2017-04-07,2017-05-07,220.2899932861328,paid,SPE
tr_983E874Z8bFucuyzgo9lg,2017-02-21,,,250.0,paid,TOP
tr_99rZcnXI8EJYF2LMst5Q,2017-07-07,2017-07-07,2017-08-07,300.0,paid,SPC
tr_9BJ2d2b2RNW50xuAf1Hg,2017-03-09,2017-02-09,2017-03-09,961.239990234375,paid,SPE
tr_9dDqbbrAFjIae0mgbuNoGA,2017-01-16,,,100.0,paid,TOP
tr_9ekpWbtYe8B2YHXEuhBYmg,2017-04-14,2017-03-14,2017-04-14,0.20999999344348907,overdue,SPE
tr_9Fh27o2koUiM3xR4ffiig,2017-02-23,,,25.0,paid,TOP
tr_9IxkPEjIBfWLYB36GGFDBQ,2017-01-08,2017-01-08,2017-02-08,1500.0,paid,SPC
tr_9jf5MAUs49MugbTAHci2bw,2017-08-01,2017-06-01,2017-07-01,45.0,paid,SPC
tr_9jrpkcphhtt3xhHiLKzrxw,2017-02-16,2017-02-16,2017-03-16,90.0,paid,SPC
tr_9RwbM6AeKfkKKvuoR2Ing,2017-03-24,2017-03-24,2017-04-24,110.0,paid,SPC
tr_9sxXPGLrrAQgQ7vvxcCA,2017-01-25,2017-01-26,2018-01-25,12000.0,paid,SPC
tr_9tj0U7VJMXi5aRcc7nLxA,2017-03-13,2017-03-01,2017-04-01,45.0,paid,SPC
tr_9XxnbabFsvtDFYtv3aULg,2017-04-08,2017-04-08,2017-05-08,1500.0,paid,SPC
tr_A38oDkiQaHIpKDhA0PUA,2017-08-06,2017-07-06,2017-08-06,933.6599731445312,paid,SPE
tr_a3zrFYuhtKcxuc2YLCpdLQ,2017-07-03,2017-10-01,2017-11-01,2800.0,issuable,SPC
tr_a5WKQhUmGyEapQ17B1IPyw,2017-07-07,,,854.3699951171875,paid,TOP
tr_a7CI2rVbZlhHS8VHJoTUw,2017-03-14,2017-02-13,2017-03-13,6.420000076293945,paid,SPE
tr_aah0jIFCnRoGYAUEjVueWQ,2017-03-13,2017-03-01,2017-04-01,390.0,paid,SPC
tr_aAhNJafFUz3GDd23ZGTkYw,2017-03-01,2017-03-01,2017-04-01,1425.0,paid,SPC
tr_AatrULRCUo8FnqoJvo2Zw,2017-06-08,2017-06-08,2017-07-08,1500.0,paid,SPC
tr_AAUvUbi2zo7Tc9DiKE5pg,2017-02-06,2017-01-25,2017-02-01,43.709999084472656,paid,SPE
tr_AAzVk5g3YaDvZ2jG8fpiA,2017-01-09,,,282.7699890136719,paid,TOP
tr_Ac44VjET76Ml5G1ltm6aQ,2017-05-05,,,4.630000114440918,paid,TOP
tr_aCe5ERWZ9HdqINn9EXPRw,2017-01-18,2017-01-01,2017-02-01,100.0,paid,SPC
tr_AcvEoxSYBS7600VtG27v6Q,2017-02-15,2017-08-15,2018-02-14,660.0,paid,SPC
tr_ADy0UY1veBx1vjC256MQ,2017-07-03,2017-12-01,2017-12-31,1400.0,not_invoiced,SPC
tr_aEkS0TZdfRdikzqYPWzA,2017-02-24,,,31.3799991607666,paid,TOP
tr_AgGkcfaYPjD35c8jslyYg,2017-07-26,,,29.0,not_invoiced,
tr_aHKnQ0kh7VuGQ7iIy6KSRA,2017-02-24,2017-02-24,2017-03-24,110.0,paid,SPC
tr_aJcx0HEFayNRYkbi5vpQQQ,2017-07-26,2017-05-01,2017-06-01,71.5,issued,SPE
tr_AlqurGypbiGrpNMDb1TG9g,2017-04-20,2017-03-30,2017-04-29,1333.0,paid,SPC
tr_aLXHvXk4b66Q0wK4FhhtAA,2017-04-09,2017-04-09,2017-05-09,1500.0,voided,SPC
tr_Amixo2QqPd1l5lv1BDjLA,2017-07-12,2017-08-01,2017-09-01,1400.0,issued,SPC
tr_ANAsW9XZgxiN9iITxrIUA,2017-08-03,,,104.44000244140625,paid,TOP
tr_APE78nGXCN1CJ1Fv7UYmA,2017-02-13,2017-01-13,2017-02-13,0.27000001072883606,paid,SPE
tr_ArLcfJ3Ho9HFMN63AVllQ,2017-07-26,2017-12-01,2018-01-01,2500.0,issuable,SPC
tr_asbACaLL7S8vNyY7D9jA,2017-03-19,2017-02-19,2017-03-19,174.1199951171875,voided,SPE
tr_ASCAWrGAQHxEakch0x7Q,2017-02-06,,,160.0,paid,TOP
tr_aU8r1u6JWnUB0T1IXeiRg,2017-05-31,2017-05-01,2017-06-01,93.0,paid,SPE
tr_AUB3Pma9Mat2Q8pUMkBjA,2017-07-03,2017-12-01,2018-01-01,2800.0,issuable,SPC
tr_Aur0NnlFBXvmp2ZxcaY9LQ,2017-02-08,2017-02-08,2018-02-07,24000.0,paid,SPC
tr_aVb3zPYlin9PgtrsZw,2017-04-23,2017-03-23,2017-04-23,10.470000267028809,paid,SPE
tr_AWrJBux3JWLVZTfS8EVTpw,2017-04-01,,,76.13999938964844,paid,TOP
tr_aX1DxKVm5TPviG0Lm9oBQ,2017-04-08,2017-03-08,2017-04-08,728.1400146484375,paid,SPE
tr_Ax5J4mv7riIYqNaN7JKB5g,2017-05-28,2017-05-28,2017-06-28,110.0,paid,SPC
tr_AZDNxzFMwxyXy5Rs9EtWg,2017-07-12,2017-06-01,2017-07-01,3278.0400390625,overdue,SPE
tr_AzdrEKRQ5zwg44fE5rryXg,2017-05-22,2017-05-22,2017-06-22,900.0,paid,SPC
tr_B1J0U5Dbmc9bl9XyXc5AiA,2017-08-01,2017-05-01,2017-06-01,45.0,paid,SPC
tr_B692GFsikgriJiQw61Q,2017-05-15,2017-05-01,2017-06-01,400.0,paid,SPC
tr_B6vVVD4EUzXrefCYTSASeQ,2017-02-20,,,100.0,paid,TOP
tr_BB8IGqIZ8MThGJ8KRA,2017-05-17,,,97.55000305175781,paid,TOP
tr_bbTuT81iKSciH4Sj9H68A,2017-02-28,2017-04-01,2017-05-01,1000.0,paid,SPC
tr_BCj2Atx1HR8GPhuy0Uxeg,2017-05-02,2017-04-01,2017-05-01,108.0,paid,SPE
tr_BCVFkZSMNju5hvsLmlylg,2017-04-17,2017-04-14,2017-10-31,2700.0,paid,SPC
tr_bdGH7auk0gkbSdqSajjgA,2017-05-09,2017-04-09,2017-05-09,465.1199951171875,voided,SPE
tr_bDWJvfLRP63cLV2V3ExiA,2017-05-31,2017-06-01,2017-07-01,29.0,paid,SPC
tr_BhFPechqKkT6LoN7Bjgbw,2017-05-15,2017-05-15,2017-06-15,900.0,paid,SPC
tr_BHvptk06hrK8MYfTibLQ,2017-04-09,2017-04-09,2017-05-09,110.0,paid,SPC
tr_blDSfortTW3it5dK28mcrQ,2017-01-13,2016-12-12,2017-01-12,124.26000213623047,paid,SPE
tr_bmECdppl7rNLQlqmHjKEw,2017-06-20,,,150.0,paid,TOP
tr_BnHKr30fwP6zNHhDxCsrA,2017-06-23,,,13.579999923706055,paid,TOP
tr_BoEaZjhTb9LLsz6N13rYg,2017-07-08,2017-07-08,2017-08-08,1500.0,paid,SPC
tr_boG85kZZBZuQYYGCCuwHw,2017-04-18,,,160.0,paid,TOP
tr_BpDYPQ6CLGieRCG4IF1BQ,2017-02-23,,,24.280000686645508,paid,TOP
tr_BQqCC9Pbq3zrQJoVxoKbIQ,2017-01-15,2016-12-15,2017-01-15,1107.239990234375,paid,SPE
tr_bQqfmx0zvq0aTaV8Qmdq0w,2017-07-18,,,32.0,paid,TOP
tr_BtwlpJRRKV0QRcAiozdf0Q,2017-04-14,2017-03-14,2017-04-14,8.579999923706055,paid,SPE
tr_bvoAlfntoTzGxeJ6zLmGIA,2017-03-01,2017-03-01,2017-04-01,900.0,paid,SPC
tr_bzPFpTHB7Aa6rTngEl6g,2017-02-28,2017-10-01,2017-10-31,1000.0,issuable,SPC
tr_c1WrIkpp9PgYidgaeM7xA,2017-04-03,2017-04-01,2017-05-01,390.0,paid,SPC
tr_C3oAX4M1ycFxNwFziRsYg,2017-08-01,2017-12-01,2018-01-01,45.0,issuable,SPC
tr_c5DRK31nbaxjZvYqwF9w,2017-05-29,,,60.0,paid,TOP
tr_C5vgZf0f2B6p8ETIZF14w,2017-07-09,2017-07-09,2017-08-09,3600.0,voided,SPC
tr_c9UmEfK1Vy4e6HVkUzr5g,2017-01-23,,,60.0,paid,TOP
tr_CbGekb5XhadzFmjcFMP2zw,2017-05-14,2017-04-14,2017-05-14,25.709999084472656,overdue,SPE
tr_cbyPa18Rv1nI6MV2Rs7Zkw,2017-01-11,2017-01-11,2017-02-11,450.0,paid,SPC
tr_ccB4TkMKdyg2wIE3LIUoA,2017-02-23,,,400.0,paid,TOP
tr_ccDDNVoUq54Gn154CnZPzA,2017-05-04,2017-04-01,2017-05-01,1300.0,paid,SPC
tr_cEGXjlcSifa2qWw68aw,2017-07-12,,,1000.0,not_invoiced,
tr_CEIEgwB0HsSCVQs4NgLMg,2017-05-18,,,5.039999961853027,paid,TOP
tr_CeWdYbjS5lmXS3CBldk1g,2017-02-19,2017-01-19,2017-02-19,153.3300018310547,voided,SPE
tr_CFg4pJhFmysK4HGLYraWw,2017-05-15,2017-04-30,2018-04-29,6300.0,voided,SPC
tr_cfhtJ4KvVXNwkGbk7gSVBg,2017-01-11,,,65.5,paid,TOP
tr_cG3rCQjJ0p0ljJhVD0k1w,2017-02-12,2017-02-12,2017-03-12,110.0,paid,SPC
tr_ChiZSypAuLUap2bGpRaETA,2017-02-15,2017-01-15,2017-02-15,1011.780029296875,paid,SPE
tr_Cl0wVNaXcYX22ybyvN7eg,2017-07-26,2017-08-25,2018-02-24,4500.0,issuable,SPC
tr_cltQp571sbTdetANqTHTQ,2017-02-02,2017-02-01,2017-03-01,9.0,paid,SPC
tr_CPyplJdc6AV0eymqcQKQ,2017-07-12,2018-01-01,2018-02-01,1000.0,issuable,SPC
tr_CqJvhfbgEi1Rnde8QVcIg,2017-07-04,2017-06-01,2018-05-01,4400.0,paid,SPC
tr_CQxXJHakRaM9lDDRX7RecQ,2017-01-24,2017-01-24,2017-02-24,110.0,paid,SPC
tr_cs22XGtrGV2KHYajFsg,2017-04-12,2017-04-12,2017-05-12,450.0,paid,SPC
tr_cUrMBjRFol0Z4kXm96A,2017-07-03,,,3278.0400390625,voided,SPE
tr_cUTtkzZcoupXSMVHuG8Y9g,2017-04-19,2017-03-19,2017-04-19,15.029999732971191,paid,SPE
tr_CvnxYYrJXa6dmINnY3ZQ,2017-02-01,2017-02-01,2017-03-01,1500.0,paid,SPC
tr_cvw5dqt7azP1GSBQ1uBg,2017-03-28,2017-02-28,2017-03-28,7.150000095367432,paid,SPE
tr_CWCXLTKP2VoT15Aoyjg,2017-02-12,2017-01-11,2017-02-11,666.9000244140625,paid,SPE
tr_D2aQb2qkRpb0Fh6A4r4spA,2017-02-27,2017-02-01,2017-03-01,15437.759765625,paid,SPE
tr_d4FEfye6JwuveCSorfFZA,2017-05-24,2017-08-01,2018-05-01,14400.0,issued,SPC
tr_d4htaWNyFr25UKa6HJsA,2017-01-29,2017-01-29,2017-02-28,1500.0,paid,SPC
tr_d4L9uUd0BBVe7llh27tw,2017-01-09,,,868.27001953125,paid,TOP
tr_D5SDpfi35rWixhgC4Tweg,2017-08-03,2017-08-03,2017-09-03,60.0,paid,SPC
tr_dalEWVbbKhNHpeyduHQ,2017-03-08,2017-02-08,2017-03-08,758.260009765625,paid,SPE
tr_DATrIWL0XE2XbHisgFv0oQ,2017-06-23,,,464.5899963378906,paid,TOP
tr_DB5nSvov1KGvm7WM372cw,2017-06-09,2017-06-09,2017-07-09,110.0,paid,SPC
tr_DbKiQhzjFDuU7b6619yUzg,2017-06-01,2017-06-01,2017-07-01,1425.0,paid,SPC
tr_DBnZ7js50AnCTE5XQwIeg,2017-01-05,2016-11-01,2016-12-01,111.0,paid,SPE
tr_ddWUgUsQYdMu5ZWQZdA,2017-03-17,,,77.4800033569336,paid,TOP
tr_DE1tLzJxTlil1sZBWAMQ,2017-06-01,,,20.780000686645508,paid,TOP
tr_deVpizNHJoAlgDiS3zarhw,2017-02-19,2017-02-19,2017-03-19,100.5,paid,SPC
tr_DGsmrtjQrL5UaSoiGTAA,2017-02-08,2017-01-08,2017-02-08,1162.6800537109375,paid,SPE
tr_dH6pFBBG5sM6Z4ParBYow,2017-01-24,2016-12-01,2017-01-01,120.72000122070312,paid,SPE
tr_DhA0F7QQj98xcc9wf7yFQ,2017-04-03,2017-04-01,2017-05-01,100.0,paid,SPC
tr_DituvtDa6nMgzcYxJkSUNA,2017-01-16,2017-01-01,2017-02-01,45.0,paid,SPC
tr_DJYdvpg8jT4GYb6CF67wg,2017-07-12,2017-11-01,2017-12-01,1400.0,issuable,SPC
tr_DkT0qaGhggzF0jbjoo0w,2017-02-28,2017-03-01,2017-04-01,1000.0,paid,SPC
tr_dKYDFE3st5qgiSL3s22LQ,2017-02-26,2017-01-26,2017-02-26,664.6500244140625,paid,SPE
tr_Dl13KeVlnBHKPWHpfmFy9w,2017-04-01,2017-03-01,2017-04-01,366.7799987792969,paid,SPE
tr_dnLH6do2ab4vTIzK1tEGTw,2017-07-17,2017-05-01,2017-08-01,4800.0,paid,SPC
tr_ds3EJ4nr3JbImljXcgxQ,2017-07-17,,,4800.0,not_invoiced,
tr_DSiTD5mRKcozJILkPayVg,2017-05-28,2017-05-28,2017-06-28,1500.0,paid,SPC
tr_dSVYDXAu9qAKqFMVf0Nhzg,2017-03-13,2017-02-15,2017-03-15,900.0,paid,SPC
tr_dXQU8CXY0HzeSgpXzC1dQA,2017-02-07,2016-09-19,2016-10-19,150.0,paid,SPC
tr_DxRXddqlItzzuQDhJaX23w,2017-01-19,2017-01-19,2017-02-19,249.0,paid,SPC
tr_dXYfVjyYL8w8t6AQzir0uQ,2017-07-24,2017-07-17,2017-10-16,10800.0,issued,SPC
tr_DzULjzsEEvkibEPJwasBQ,2017-04-06,2017-03-17,2018-03-16,6000.0,paid,SPC
tr_EAe6Leah4bI18zGSJ2Q,2017-06-02,,,160.0,paid,TOP
tr_eBCGTJdNYT7PEysQrWhvIA,2017-04-03,,,29.010000228881836,paid,TOP
tr_ebD0EnAuoJA2EjHkEmQbsQ,2017-01-05,2016-12-01,2017-01-01,29.0,paid,SPC
tr_EBK9vaFa0idVgD1NMDI6w,2017-02-20,,,60.0,paid,TOP
tr_eBQRDkwDohiE0qQkNae2uQ,2017-02-28,2017-07-01,2017-08-01,1000.0,overdue,SPC
tr_EcEhNq1TqltcZdlpSRtRXg,2017-06-01,2017-06-01,2017-07-01,100.0,paid,SPC
tr_EfHVIWQmkoQefkDYLisVQ,2017-07-07,2017-06-07,2017-07-07,500.82000732421875,paid,SPE
tr_eFIgHRRuBKgSAmKrtqxKQ,2017-08-01,2017-07-01,2017-08-01,45.0,paid,SPC
tr_egyG6JEMtqGhctcXlQ4ChQ,2017-03-01,2017-02-01,2017-03-01,1544.25,paid,SPE
tr_eHTlnewBY3wJP2LqEPUY3g,2017-07-03,2017-10-01,2017-10-31,1400.0,not_invoiced,SPC
tr_ElFvQgNjdEnjI2Meo1UlQ,2017-01-19,2017-01-19,2017-02-19,150.0,paid,SPC
tr_emR5MPtRdVb9Uu3kyQ,2017-07-14,,,3.549999952316284,paid,TOP
tr_EMuo4VE3tSHbE4r4rKfyaQ,2017-01-13,2016-12-12,2017-01-12,798.6599731445312,paid,SPE
tr_eN0EENyRdF0maGED6KrGBw,2017-02-07,2017-01-01,2017-03-01,1300.0,paid,SPE
tr_erq7fmEi7nv27Ef6z9VA,2017-02-06,2017-02-06,2017-03-06,450.0,paid,SPC
tr_ESH58fletKUCuBHnqJJfg,2017-02-13,2017-01-13,2017-02-13,18.959999084472656,paid,SPE
tr_eu9xReiBw3J1rV8gsbc5sQ,2017-02-06,2017-08-01,2017-11-01,2610.0,paid,SPC
tr_evjGBjTxSpZbffb5hoMA,2017-07-28,2017-07-28,2017-08-28,110.0,paid,SPC
tr_Eydb730MpJe5cs41obpMzA,2017-06-09,2017-06-09,2017-07-09,1500.0,paid,SPC
tr_ezlfF5ZZeUgTlKxk5V5w,2017-01-26,,,100.0,paid,TOP
tr_F0aJ4LwETlaLlt8rt1cUw,2017-01-07,2016-12-07,2017-01-07,1423.8699951171875,paid,SPE
tr_F6QGyNJtkz5p5ActeaCWgg,2017-04-05,2017-04-05,2017-05-05,110.0,paid,SPC
tr_FataIZMzlHIl92trM8E9A,2017-07-12,,,19.100000381469727,paid,TOP
tr_fCb03ZrsP6IhcxHizvUQ,2017-03-07,2017-03-07,2017-04-07,300.0,paid,SPC
tr_Fcdx5TkUa1RfgPYNDdLg,2017-07-26,2017-11-15,2017-12-15,900.0,issuable,SPC
tr_Fd274mrl5vhuCH8QPJGMg,2017-07-14,2017-06-14,2017-07-14,74.37000274658203,overdue,SPE
tr_FeP3zq1uKztEhFomdnbBNg,2017-05-24,,,485.8900146484375,paid,TOP
tr_FIxyjLWpAAE0yo0ziGtnew,2017-02-13,2017-01-13,2017-02-13,17.25,paid,SPE
tr_FoHqclzrQ2UWYXsSf1Drg,2017-06-30,,,450.0,not_invoiced,
tr_Fqu9kqMblUyPBMcbWiZcQ,2017-07-03,2017-07-03,2017-08-03,60.0,paid,SPC
tr_fRhSWEsiyG7a6gYui4pIQ,2017-07-28,2017-07-28,2017-08-28,110.0,paid,SPC
tr_fsPPpJw7NwDZrgAwwYGhNg,2017-01-06,,,-99.0,paid,REF
tr_fv9cuIXEFXSvDhE7cjPbg,2017-02-14,,,48.0,paid,TOP
tr_FvymujeVYNbjlcGNEj3g,2017-05-29,2017-05-01,2017-06-01,-875.0,paid,DIS
tr_Fw7RuP8yyYPM36bS5lMA,2017-05-01,2017-04-01,2017-05-01,1079.9599609375,paid,SPE
tr_fXc1VHTackXAW76xgtNt8g,2017-01-06,2016-12-06,2017-01-06,998.5599975585938,paid,SPE
tr_Fz2goKT1kglqbe8plLtQw,2017-01-13,2016-12-12,2017-01-12,126.44999694824219,paid,SPE
tr_g4IqL0P9eXS8JYiQdvuw,2017-07-26,2017-07-01,2017-08-01,390.0,issued,SPC
tr_G64kI4R62mXS78q1ij0hg,2017-05-06,2017-05-06,2017-06-06,450.0,paid,SPC
tr_gbJgxRNcHDLFuxqyRKQ,2017-01-19,2016-12-01,2017-01-01,390.0,paid,SPC
tr_gc85QnlR5KknJWIMXw,2017-07-26,2017-10-17,2018-01-16,10800.0,issuable,SPC
tr_GfD1Mu20TX9YKiYfvEpA,2017-01-13,2016-12-12,2017-01-12,2.609999895095825,paid,SPE
tr_Gfli5VIyJd9q0oEMRckTg,2017-06-12,2017-06-12,2017-07-12,110.0,paid,SPC
tr_GfT6KQyY5lrVxnYchVDw,2017-03-12,2017-02-12,2017-03-12,1051.949951171875,paid,SPE
tr_ghwTN9oMZ72G7hMiF6qlmQ,2017-01-13,2017-01-01,2017-07-01,2340.0,paid,SPC
tr_GkdUjXIHRv3Cf31m3D1HQ,2017-07-14,2017-06-14,2017-07-14,39.959999084472656,overdue,SPE
tr_glTnFewH1rNf56d1FnJUyQ,2017-06-29,,,64.72000122070312,paid,TOP
tr_GM6ozpE4aAgclyR3LG0Mg,2017-07-06,2017-07-06,2017-08-06,450.0,paid,SPC
tr_GN3KmCrlmZkftEoUDBNRbA,2017-04-14,2017-04-14,2017-05-14,90.0,paid,SPC
tr_GN8Ei38AgcDkPa5xXWzA,2017-03-09,2017-02-09,2017-03-09,15521.3095703125,voided,SPE
tr_GpkMUrGFQRsKTmz8W1AAjQ,2017-08-06,,,106.08999633789062,paid,TOP
tr_gQNiekSXMpL8ZFC5X6jQpw,2017-04-28,2017-04-28,2017-05-28,110.0,paid,SPC
tr_gtbdFkXxEwSqGTJYbQ,2017-04-05,2017-04-05,2017-05-05,110.0,paid,SPC
tr_GTyWJQ39UdIy7Ekx9g,2017-01-26,2017-01-26,2017-02-26,1500.0,paid,SPC
tr_GUxKM9ZaIALck2CR66IfUQ,2017-03-28,2017-03-28,2017-04-28,110.0,paid,SPC
tr_gViCMGfDlwZg5BjFDug,2017-04-11,,,5.0,paid,TOP
tr_GWpLDG3TH3NpDAPJtg,2017-01-30,2017-01-30,2017-02-28,110.0,paid,SPC
tr_GxfGSaofWxNHiaj0Msnw,2017-03-29,2017-02-27,2017-03-28,1104.449951171875,paid,SPE
tr_GyIjIx3E8aXcahL1X4t5SQ,2017-02-28,2018-01-01,2018-01-31,1000.0,issuable,SPC
tr_hB73Ai6B3afdXPQ7soQcJA,2017-01-19,,,160.0,paid,TOP
tr_hEe0cjj0zPEjlAmovFrhg,2017-01-05,2017-01-05,2017-04-04,812.5,paid,SPC
tr_HEWXt2N4iVgvcDbEPIx7g,2017-05-19,2017-05-19,2017-06-19,100.5,paid,SPC
tr_HFbPTCz8KrSMLBanKorwFA,2017-07-28,2017-07-28,2017-08-28,110.0,paid,SPC
tr_hIf6jmrTFyBc3qVnhZr9Q,2017-07-09,2017-07-09,2017-08-09,110.0,paid,SPC
tr_HjtFde63P7H2GUtjMneEjw,2017-04-04,2017-03-29,2017-09-30,80000.0,paid,SPC
tr_hJXsbNLf9KNJton3YAFSQw,2017-05-10,,,8.329999923706055,paid,TOP
tr_hn5qkRoNwULS1YWxUBxSDA,2017-06-02,,,160.0,paid,TOP
tr_Hpmsh6QNciBjhagpYiU8A,2017-03-13,2017-03-01,2017-04-01,100.0,paid,SPC
tr_hqxn2McWLFHTDzhgdBLgg,2017-02-28,2017-01-29,2017-02-28,272.0400085449219,paid,SPE
tr_hrVC1KsNQjdSYPmm45SXQ,2017-07-03,2017-09-01,2017-10-01,2800.0,issuable,SPC
tr_HuxcgG17o2dqdtdrbcIqBw,2017-07-12,2017-11-01,2017-12-01,1000.0,issuable,SPC
tr_hV4DdGJqUGS0m0kBk3u2lw,2017-01-06,2017-01-06,2017-02-06,450.0,paid,SPC
tr_hwEvVCH7wFMshz6h9ag,2017-02-06,2017-05-01,2017-08-01,2610.0,paid,SPC
tr_hWQwReAQdRj4gXCYwI0bJw,2017-05-29,,,400.0,paid,TOP
tr_hWS6gxlfv0QdcoiduFnoA,2017-03-14,2017-02-13,2017-03-13,1017.8400268554688,paid,SPE
tr_HyC7a0JVB5R0FkplPQZLGw,2017-04-28,2017-03-28,2017-04-28,201.08999633789062,paid,SPE
tr_hYTNWHALpwDYVsUmFF0rg,2017-01-19,2017-01-01,2017-02-01,45.0,paid,SPC
tr_hyZPu7npwZqnSsU6VBzkA,2017-03-19,2017-02-19,2017-03-19,27.18000030517578,paid,SPE
tr_i0kkKpxZxfH3Y0mxGNXqmA,2017-02-02,2017-02-01,2017-03-01,9.0,paid,SPC
tr_i0wNH5n1Sa9ik2K4EHBbfQ,2017-07-03,2017-11-01,2017-11-30,1400.0,not_invoiced,SPC
tr_i1kAifhqyThsuMCGdkLMQ,2017-03-13,2017-02-01,2017-03-01,243.75,paid,SPE
tr_i4jDDxeYoL4LD2SyPCjDJw,2017-01-19,2016-12-19,2017-01-19,320.0400085449219,paid,SPE
tr_i7vgRkCUbde6Xy72vKmcA,2017-03-17,,,51.75,paid,TOP
tr_I9jaaU174QrD7XkEmINw,2017-06-27,,,4000.0,paid,
tr_ia1UGiySmVp7tWd87R22w,2017-01-31,,,-110.0,paid,REF
tr_ianbLqY6CmE8MaP9YhTw,2017-07-26,2018-02-01,2018-03-01,2500.0,issuable,SPC
tr_iAU7clrWWPIhsblelQw,2017-03-05,2017-03-05,2017-04-05,110.0,paid,SPC
tr_ICEkMI7cHJy7HePlLEcHEA,2017-03-22,2017-03-22,2017-04-22,900.0,paid,SPC
tr_iF2PAMDp5j1JAiXbJ5svg,2017-06-28,2017-05-28,2017-06-28,100.76000213623047,paid,SPE
tr_iJrJjx9R7omZ2cPajpfxg,2017-02-23,,,80.0,paid,TOP
tr_IjyM2Nlz7m9XAwQi6chXCg,2017-02-28,2017-11-01,2017-11-30,1000.0,issuable,SPC
tr_ilXEIDlko295GXHGJtse1Q,2017-07-14,,,250.0,paid,TOP
tr_ilXGEFcW3uNE7Qpp12HqQ,2017-01-17,2016-12-01,2017-01-01,66.0,paid,SPE
tr_im7XkXxV5lRbbI6LmRdA,2017-04-06,2017-04-06,2017-05-06,450.0,paid,SPC
tr_imUrL7V142Ym26De2uWCEA,2017-02-11,,,13.989999771118164,paid,TOP
tr_iNF09BpVjULMJAjGqgSqCg,2017-06-07,2017-06-07,2017-07-07,300.0,paid,SPC
tr_iNhkbc8ceIF7q0vbu01I4w,2017-01-19,2016-11-01,2016-12-01,99.0,paid,SPE
tr_INkt9M58DV45JMdXJXoQ,2017-08-02,,,10.0,paid,TOP
tr_INukAuubmqLHKXkc7lzog,2017-05-12,2017-04-12,2017-05-12,1040.0999755859375,paid,SPE
tr_ioN6mNeQKBVyy4LqJRfhw,2017-02-14,,,128.0,paid,TOP
tr_iRZE717YoqJgPkLQ5GuFg,2017-03-01,2017-03-01,2017-04-01,110.0,paid,SPC
tr_Ism9Lz9S8uj10dUcF5U3zw,2017-07-31,2017-09-01,2017-11-01,4666.66015625,issuable,SPC
tr_iTUn6uQc1dpxpSiTdChAgg,2017-05-23,2017-05-23,2017-06-23,90.0,paid,SPC
tr_IuehPSfyw1yQMwTct0ZMg,2017-01-09,2017-01-09,2017-02-09,1500.0,voided,SPC
tr_IuNa49E7ABt97ALVef4vA,2017-07-03,2017-08-01,2017-09-01,2800.0,overdue,SPC
tr_iVATuu3sHny0iMVoZ0lGSQ,2017-06-01,2017-05-01,2017-06-01,132.0,paid,SPE
tr_iVg61WQmC9iSPfF60bWMA,2017-07-12,2017-07-01,2017-08-01,1400.0,overdue,SPC
tr_IVsAtzCH5MaBzV9rFDvyg,2017-05-15,2017-05-05,2017-08-04,4800.0,paid,SPC
tr_IXDJRoJX9AUI6GX8shkrtw,2017-01-19,2016-10-01,2016-11-01,21.0,paid,SPE
tr_IYESGz2uyZXl2TMe6YVg,2017-07-06,2017-06-06,2017-07-06,976.0999755859375,paid,SPE
tr_iYM4M7Js1vfdXYt0Kv4KA,2017-07-09,2017-01-09,2017-07-09,1971.9599609375,voided,SPE
tr_IYrRHkbmBED6a3voc0fmw,2017-06-30,2017-06-01,2017-06-30,2800.0,paid,SPC
tr_IZsgTs7p3xitEHolyMY1Q,2017-07-12,2017-12-01,2018-01-01,1400.0,issuable,SPC
tr_J8ev50RtUjdPtzYPtQsA,2017-07-03,,,6.679999828338623,paid,TOP
tr_JakM7DaI0Vz7eTCfhsYUw,2017-01-27,,,17.799999237060547,paid,TOP
tr_JaTHyPN1TAKi96tjrKekw,2017-03-09,2017-02-14,2017-03-14,450.0,paid,SPC
tr_jBY1G5twG6C74lR1MkZbQ,2017-08-05,2017-08-05,2017-09-05,110.0,overdue,SPC
tr_jeekbkrF3w4dv2fvLdq3w,2017-01-16,,,0.9200000166893005,paid,TOP
tr_Jfa9DYEe5AR2CvQhofnXg,2017-06-30,2017-06-01,2017-07-01,9.75,paid,SPE
tr_jghvVuC3XcSpliA9kgExQ,2017-07-14,,,32.720001220703125,paid,TOP
tr_jgvmFZDP1CTXT6TFHH2czg,2017-02-23,2017-01-23,2017-02-23,19.799999237060547,paid,SPE
tr_JIBMGWMyJAeMRl95HdAdg,2017-06-06,2017-05-06,2017-06-06,656.0999755859375,paid,SPE
tr_jKs5UzxbwRle8AIvwKnrA,2017-02-23,,,250.0,paid,TOP
tr_JKX7gQJuyHvQCyJC4Fiw,2017-02-24,2017-01-24,2017-02-24,51.47999954223633,paid,SPE
tr_jmf6Uj3QJuDgi2BzjZYA,2017-01-30,,,174.2100067138672,paid,TOP
tr_JqimYHIcR8vl2LR2DV6bw,2017-08-01,2017-08-01,2017-09-01,1425.0,overdue,SPC
tr_JrnbGGwvjfJgF2BR8jiiA,2017-04-03,2017-03-01,2017-04-01,132.0,paid,SPE
tr_jUTICHCV0HV5wtPwSEfxg,2017-01-17,,,51.75,paid,TOP
tr_jvamcdY9llXd25RynL0K5Q,2017-08-09,2017-07-09,2017-08-09,484.05999755859375,paid,SPE
tr_jvdZtebPeSPMtiPpJSCSg,2017-01-30,,,42.0,paid,TOP
tr_jwtU2njm3voJTw7lgrw,2017-04-03,2017-03-03,2017-04-03,7.349999904632568,paid,SPE
tr_JxNogmgBfg1zbSZk7abEQ,2017-06-27,2017-12-01,2018-03-01,2700.0,issuable,SPC
tr_jY2eFN3NwgFJfqBpWLkwA,2017-06-03,2017-05-03,2017-06-03,2.609999895095825,paid,SPE
tr_JZjQyNwtY33hZvRLRQ,2017-04-01,2017-04-01,2017-05-01,225.0,paid,SPC
tr_jZMVuv0nGJ6DufloevRw,2017-02-27,,,160.0,paid,TOP
tr_k4eTHLqmU2cxCz1BwgDYA,2017-07-26,2017-07-01,2018-04-30,80000.0,issued,SPC
tr_K5DVxYezdieY5WiqVExQ,2017-07-11,,,229.8699951171875,paid,TOP
tr_k9wpSAzr8VShnF6rQw,2017-06-23,2017-05-23,2017-06-23,61.290000915527344,paid,SPE
tr_kaH2kM1avKvosPcXIFr3nw,2017-01-10,,,3.4200000762939453,paid,TOP
tr_KBo4X257WFrBTdcvfBg,2017-03-26,2017-03-26,2017-04-26,525.0,paid,SPC
tr_Kf8Y3LqeJhdVbb5M2F6RA,2017-05-09,,,300.0,paid,TOP
tr_kGrD9UztsvfJ7uVnpXQ,2017-01-15,,,0.9200000166893005,paid,TOP
tr_kKoy1jXzNPABFmYIKL1M4A,2017-04-24,,,982.4299926757812,paid,TOP
tr_Kl7vrmNMdLos1shYXHKg,2017-04-27,,,-6703.9501953125,paid,REF
tr_KM7khRGTb4mQ1Y3NofRBw,2017-07-26,2017-08-15,2017-09-15,900.0,issued,SPC
tr_KMHejjcpKwuHwBbuoyyDA,2017-03-09,2017-02-14,2017-03-14,-150.0,paid,DIS
tr_kmVySz6fnjfziX6Izyuw,2017-07-03,2018-04-01,2018-05-01,1400.0,issuable,SPC
tr_KNIMitUAqftmhjZuBgw,2017-08-01,2017-10-01,2017-11-01,45.0,issuable,SPC
tr_ksB2sdUp8VaYu4vj3Lc9YA,2017-07-03,2017-07-01,2017-08-01,100.0,paid,SPC
tr_Ksjkuri63R42eNf8XXFIJw,2017-05-02,,,88.38999938964844,paid,TOP
tr_KTQ17rLHJPpGVZVFzuWDUw,2017-01-09,2016-12-09,2017-01-09,824.4500122070312,paid,SPE
tr_Ku4fZJzzgMTiJlfCkz5Eg,2017-01-13,2017-01-01,2017-02-01,3680.3701171875,paid,TOP
tr_KV3SJUY3oiKHxtejuII1eA,2017-02-02,2017-01-01,2017-02-01,123.0,paid,SPE
tr_KWimA12XUraIpIjYpRcmsQ,2017-07-01,2017-07-01,2017-08-01,1425.0,paid,SPC
tr_KXFDw0poAq1p2WGF5s9Bg,2017-04-19,,,408.20001220703125,paid,TOP
tr_kxjKLJFPjFV3IlwuldbbTQ,2017-08-01,2017-08-01,2017-09-01,390.0,overdue,
tr_kXoAeejhRdgDWETbGY0Zow,2017-01-19,2016-12-01,2017-01-01,1185.0,paid,SPE
tr_kXRWVTyfhd6pTXoJwVI6g,2017-04-19,2017-04-19,2017-05-19,150.0,paid,SPC
tr_kxUAJj5E8uQrm4baGiNGQ,2017-07-26,2017-12-16,2018-06-15,10080.0,issuable,SPC
tr_kyaI2bIv17mBEahxszaJKw,2017-03-09,2017-03-09,2017-04-09,1500.0,voided,SPC
tr_kYvzPb19GpE2U2iFzvTGJQ,2017-05-23,2017-04-23,2017-05-23,32.61000061035156,paid,SPE
tr_l5tlrLtTTE6bH0mnqAhwA,2017-05-09,2017-05-09,2017-06-09,110.0,paid,SPC
tr_L69BNsY2W1v7dqyHVAjA,2017-01-09,2017-01-09,2017-02-09,110.0,paid,SPC
tr_l6Vr7gTSPDNaQikBoHUQmA,2017-08-01,2017-08-01,2017-09-01,45.0,paid,SPC
tr_lDdqvc8f862vhsPV7cIMsA,2017-05-05,2017-03-15,2017-04-15,900.0,paid,SPC
tr_lecFUglhRY277mYj2JRA,2017-04-07,2017-04-07,2017-05-07,300.0,paid,SPC
tr_LEv6RnsRkurufIaXGcCzWg,2017-01-19,2016-11-01,2016-12-01,95.0,paid,SPC
tr_LfFYa4Qxw96k3almgioI4w,2017-08-01,,,-60.0,issued,
tr_lfGC27mQ7tn2qgwSasNaw,2017-07-28,2017-07-28,2017-08-28,1500.0,overdue,SPC
tr_lGswFjoc00oiCWgi8WoAQ,2017-08-08,2017-08-08,2017-09-08,1500.0,issued,SPC
tr_lhfHz13uomC4dDaRk1w,2017-01-19,2017-01-19,2017-02-19,100.5,paid,SPC
tr_lIEHsqkHMTl9bj0hfZGg,2017-07-26,2017-06-01,2017-07-01,390.0,issued,SPC
tr_lMUdVEHhzM6rDNnf5ZNpw,2017-07-07,,,1.9500000476837158,paid,TOP
tr_lnS27dRqt7QUAfWvvvoyfg,2017-02-06,2017-02-01,2017-03-01,100.0,paid,SPC
tr_LNStjKkxTHPlGp21oUrA,2017-07-03,2017-07-01,2017-07-31,1400.0,voided,SPC
tr_Lre13QuurjVVRejng8ALLw,2017-05-29,2017-06-01,2017-12-01,5250.0,paid,SPC
tr_LrNPtYVU7gnIPPmkwH5Cw,2017-05-08,2017-05-08,2017-06-08,1500.0,paid,SPC
tr_LSPQmolMRQKtzrIPtw7A,2017-02-16,,,100.0,paid,TOP
tr_lTGkSzyrxmJx1n7lcjJxg,2017-03-09,,,160.0,paid,TOP
tr_lVZVVWUVrJ9LP95hAKJA5A,2017-05-02,,,163.08999633789062,paid,TOP
tr_lxecN4ntzeFdettLlk0A,2017-01-18,2017-01-18,2018-01-18,990.0,paid,SPC
tr_lZch7eYA6NGHfTqPhl8Mw,2017-02-28,2017-02-28,2017-03-28,110.0,paid,SPC
tr_LzonTPxd5p63bXo3ml1lQ,2017-07-26,2017-08-01,2017-09-01,2500.0,paid,SPC
tr_m028CkKJJiGGhSrlo5V8w,2017-06-28,2017-06-28,2017-07-28,1500.0,paid,SPC
tr_m0DHVliQUxuKr8NXxzjbUA,2017-02-19,2017-01-19,2017-02-19,3.7200000286102295,paid,SPE
tr_M1N49C2P4IpYPsRUjIn0Q,2017-01-17,2017-01-01,2017-02-01,390.0,paid,SPC
tr_M1RxfmpfmQth6XFjM8Q,2017-05-18,2017-05-01,2017-05-17,1965.1199951171875,paid,SPE
tr_m4Pn0PGExz0bLvvD96w,2017-01-23,2016-12-23,2017-01-23,25.979999542236328,paid,SPE
tr_M6qHAZfHVLkMhc12BqHecQ,2017-02-28,2017-05-01,2017-06-01,1000.0,paid,SPC
tr_m6ywIXGVhiI12eD4DeXvg,2017-05-09,,,150.0,paid,TOP
tr_m93IZ3U6a0gPD16lF9iw,2017-01-09,,,90.0,paid,TOP
tr_M93WWNMj3vSymWgR1iISzw,2017-02-11,,,23.25,paid,TOP
tr_m9ZHN33qWCWs9N5pgw5eg,2017-07-26,2017-09-01,2017-10-01,29.0,issuable,SPC
tr_MAC6o7LzVJPoIh28kSQtw,2017-07-03,2017-07-01,2017-08-01,100.0,paid,SPC
tr_maXtE4SphhK4ikhL7XjUg,2017-03-01,2017-03-01,2017-04-01,225.0,paid,SPC
tr_maZHWx4bH9BErGvxxKSuYQ,2017-02-03,2017-01-03,2017-02-03,568.0499877929688,paid,SPE
tr_MbKemuiDDTocV1skSwA,2017-03-13,2017-02-01,2017-03-01,57.0,paid,SPE
tr_MbXjHjeXfW2PuIUKuCAjXA,2017-06-28,2017-06-28,2017-07-28,110.0,paid,SPC
tr_mcBndiaqcegURxJQADyaw,2017-02-01,2017-02-01,2017-03-01,900.0,paid,SPC
tr_mEwiYc5AMhvvVF51FCQ,2017-05-06,2017-04-06,2017-05-06,800.7999877929688,paid,SPE
tr_MEXPUallUR48Uzny0jw,2017-01-26,,,363.1300048828125,paid,TOP
tr_mF5zbBA82vNMkUH3Cy0lQ,2017-07-09,2017-07-09,2017-08-09,1500.0,voided,SPC
tr_MH152l5z6kLWl7fUFvCaQ,2017-02-15,2017-02-15,2017-08-14,660.0,paid,SPC
tr_MIKF4lTEJszMNyNK5xfw,2017-02-02,2017-02-01,2017-03-01,390.0,paid,SPC
tr_Miz963agREympkoNz2Dw,2017-08-01,2017-07-01,2017-08-01,526.5,overdue,SPE
tr_MNTSNNExq2SaZ3qoAB9jw,2017-02-28,2017-02-01,2017-03-01,-500.0,paid,DIS
tr_MomnPqvhtUy0raEaKPIySQ,2017-03-05,2017-03-05,2017-04-05,110.0,paid,SPC
tr_MpIMKkfCznVj3jlHSTw,2017-01-13,2017-01-13,2017-02-13,90.0,paid,SPC
tr_mQejowonBm4Iv2ITYL0zQ,2017-02-06,2017-02-01,2017-03-01,100.0,paid,SPC
tr_MR2BCV4flbiRKdSUJVk0Q,2017-03-27,2017-03-27,2017-04-27,110.0,paid,SPC
tr_mrqsQZ5Ek4fmp4MDvaug,2017-04-03,2017-04-01,2017-05-01,45.0,paid,SPC
tr_mRv5I8J5gCCRC2zf6y6KA,2017-05-05,,,550.0,paid,TOP
tr_Mtj2Ig4ynWNjJfNQqzQ,2017-03-28,2017-03-28,2017-04-28,110.0,paid,SPC
tr_MTzJSRUpxXkcVWgC6QA,2017-05-10,2017-05-05,2017-06-05,-110.0,issued,REF
tr_MUKwsmVDHjhjEGS14Y0Sw,2017-04-14,2017-04-14,2017-05-14,450.0,voided,SPC
tr_mV5a16NGWNq2W3ijT8rw,2017-05-26,2017-05-26,2017-06-26,525.0,paid,SPC
tr_mVcDWGgsabrAtvG2guAg,2017-04-01,2017-03-01,2017-04-01,3015.679931640625,paid,SPE
tr_mvtQUZzGpRfpq31YKo9asA,2017-01-30,2017-01-30,2017-02-28,110.0,paid,SPC
tr_MwHCiZufftNM042a9LRg,2017-01-05,2017-01-05,2017-02-05,99.0,paid,SPC
tr_mYJ7s1GMEbIFlCIKz1Q,2017-07-26,2017-08-01,2017-09-01,29.0,paid,SPC
tr_mYpL8ttaii21XnwRopU7g,2017-03-07,2017-02-07,2017-03-07,400.3500061035156,paid,SPE
tr_MZJZkDTQ8fHe9mY7IhpBzA,2017-06-30,2017-07-01,2017-08-01,29.0,paid,SPC
tr_n3qPycA89Em7NfnHXs9hgg,2017-06-09,2017-05-09,2017-06-09,1179.1500244140625,paid,SPE
tr_N9ofFAFt7LjKQb2cC4Rg,2017-07-26,2017-05-11,2018-04-30,6000.0,issued,SPC
tr_n9vpAbeyWg8EEBfsihGfsw,2017-07-26,2017-08-01,2017-11-01,21187.220703125,issued,SPC
tr_NaiXCb2B9dEpv7t1Vdbm8w,2017-07-25,2017-06-01,2017-07-01,2800.0,paid,SPC
tr_nCRQsSyxS8Uc2h3qZ4eaWg,2017-01-28,2017-01-28,2017-02-28,110.0,paid,SPC
tr_NCvm3QJxvgeyI20PR0txjw,2017-02-05,2017-02-05,2017-03-05,110.0,paid,SPC
tr_ncytcQtvPASFJigQDfmw,2017-02-01,2017-01-01,2017-02-01,117.08999633789062,paid,SPE
tr_nEFBZvSQMITeWVziW89wHg,2017-01-27,2017-01-27,2017-02-27,110.0,paid,SPC
tr_NEXnr1P7uta1DTiE80CQ,2017-02-15,2016-11-16,2016-12-16,153.42999267578125,paid,TOP
tr_NGXcIE7qTlCs8MFXbNrIQQ,2017-07-12,2017-10-01,2017-11-01,1400.0,issuable,SPC
tr_NH3JW4g0ATPViEyA,2017-04-03,2017-04-01,2017-05-01,9.0,paid,SPC
tr_NHCxfm9xfhC32X4wc6JA,2017-02-06,2017-02-01,2017-03-01,390.0,paid,SPC
tr_NIfc8m1ti2hClKIGQ1TQ,2017-06-28,2017-06-30,2017-12-30,1200.0,paid,SPC
tr_nJRVZxpn9cRGeh4mZHVYbQ,2017-03-14,2017-03-14,2017-04-14,90.0,paid,SPC
tr_NkR5zmMV5UkW0Cs6Bu5yQ,2017-07-21,,,391.2200012207031,paid,TOP
tr_nNEnNDJeZIBWrWuAsUd1g,2017-07-12,2017-09-01,2017-10-01,1000.0,issuable,SPC
tr_No3XdSbKiW0z8yXmGi3ag,2017-02-09,2017-02-09,2017-03-09,110.0,paid,SPC
tr_NoQWzDWDhHzn4JdATTKw,2017-01-11,2016-12-11,2017-01-11,476.1499938964844,paid,SPE
tr_NQUv556z9d3a7gHI7Td6Q,2017-02-03,2017-02-03,2017-03-03,60.0,paid,SPC
tr_nR0Qv55c81gfZI3FtkvNQ,2017-07-26,2017-05-01,2017-06-01,390.0,paid,SPC
tr_NRFJMKWfPdFicAMMlRsg,2017-03-14,2017-02-13,2017-03-13,20.040000915527344,paid,SPE
tr_nTrjk3VQVdN1EvoLPUDlgg,2017-07-19,2017-07-19,2017-08-19,150.0,paid,SPC
tr_nTzTznonxF6L0Qi7pRjA,2017-01-27,2016-12-27,2017-01-27,34.83000183105469,paid,SPE
tr_nvDk6qdsCGnP3PbZvw,2017-06-08,2017-05-08,2017-06-08,929.5599975585938,paid,SPE
tr_nVr4VsIKn9JVV39RvN7eHw,2017-03-14,2017-03-01,2018-03-01,12000.0,paid,SPC
tr_nW5FhiIZ8S9ARGFNH3Vkag,2017-02-09,2017-01-09,2017-02-09,1192.0699462890625,paid,SPE
tr_nwnsxRguIU59xo0BtgZYkg,2017-07-26,2017-11-01,2018-02-01,21187.220703125,issuable,SPC
tr_NWpU3q4RAPLzqQEKqRfw,2017-06-27,2017-06-01,2017-07-01,1794.0,overdue,SPE
tr_nzCoK7HiLnSLkETuPYujA,2017-06-27,,,150.0,paid,TOP
tr_o67YjsNd5nwWw84GsAeBdw,2017-07-12,2017-10-01,2017-11-01,1000.0,issuable,SPC
tr_o6vA9U5exJzHRhQhjVQ,2017-07-26,2018-04-01,2018-05-01,2500.0,issuable,SPC
tr_oBff8FNmKi4LErctNxk8A,2017-03-19,2017-03-19,2017-04-19,150.0,paid,SPC
tr_ocCXrkz2hqylr9V9IoaAQ,2017-03-10,,,100.0,paid,TOP
tr_odhR0hXmG5C5pQdeukvaQ,2017-02-07,2017-02-07,2017-03-07,300.0,paid,SPC
tr_oEiuKg0Ssmt0NdVkViNzyg,2017-06-23,,,13.270000457763672,paid,TOP
tr_oF4ZzvTlln2nA3PBS60nQ,2017-06-02,2017-05-01,2017-07-01,16000.0,paid,SPC
tr_ohmoSuPVQcEa0dmc4ZPA,2017-03-30,2017-03-27,2018-03-26,10500.0,voided,SPC
tr_oIHagsaI30uCZBPTdowwBA,2017-03-15,2017-03-01,2018-02-28,21000.0,paid,SPC
tr_oJ3bKmNojrfgj2LIr9iN6Q,2017-07-26,2018-04-17,2018-07-16,10800.0,issuable,SPC
tr_ok6lSJcM3k49FEdV7yGLQQ,2017-03-16,2017-03-16,2017-04-16,90.0,voided,SPC
tr_onFQFZACV0X4QipntdSbTw,2017-07-26,2017-10-01,2017-11-01,2500.0,issuable,SPC
tr_oqw0rqCHkj8Ktezg5SGLXA,2017-07-03,2018-02-01,2018-03-01,1400.0,issuable,SPC
tr_orJSQMKaBMpogvC0MAw,2017-05-08,2017-04-08,2017-05-08,1416.1800537109375,paid,SPE
tr_oStPzlyvb1mhlmTUlkDw,2017-05-31,2017-05-01,2017-06-01,100.75,paid,SPE
tr_oSZ94hHfx2NdGJMERiUhg,2017-05-28,2017-04-28,2017-05-28,130.9499969482422,paid,SPE
tr_otoXv59j0qdBnJxiE4veSw,2017-07-19,2017-07-19,2017-08-19,100.5,paid,SPC
tr_oUX4JzsmNmFNwmx5XTg,2017-05-05,2017-05-01,2017-06-01,29.0,paid,SPC
tr_oV18LJSyvd6rYHZWlt4IA,2017-07-03,2017-07-01,2017-10-01,6000.0,paid,SPC
tr_oWmYbAgkx0GfRgB9l5UGg,2017-05-12,2017-05-12,2017-06-12,110.0,paid,SPC
tr_p0pf85zK9g01Gkgj2h3Q,2017-01-16,2016-12-01,2017-01-01,72.0,paid,SPE
tr_p0qPPJeaTm9GP7Gm5VK2A,2017-06-06,,,-41.04999923706055,issued,
tr_P3KrfW558fqUinQZuawMNw,2017-04-28,,,39.20000076293945,paid,TOP
tr_P4wScyr03urWmsRWDPXeJw,2017-01-24,,,160.0,paid,TOP
tr_p7JbnXcatKbKNRIHNvXgWQ,2017-05-31,2017-06-01,2017-07-01,390.0,paid,SPC
tr_P7tGnxQrtbJ2dQvYZsBQ,2017-06-28,2017-06-28,2017-07-28,110.0,paid,SPC
tr_p9sXu0DnQjLQwlFnzjg,2017-02-16,,,68.22000122070312,paid,TOP
tr_PFAGGlNSUnYgEmXXlWRg,2017-03-19,2017-03-19,2017-04-19,100.5,paid,SPC
tr_pfAKavVz6jE7ABJYy9HQ,2017-07-06,2017-07-01,2017-10-01,1500.0,paid,SPC
tr_PGCDSd4nhdqEjXcnw,2017-07-12,,,61.02000045776367,paid,TOP
tr_PGrtdCieLWvD3DqXQrw,2017-06-12,2017-05-12,2017-06-12,388.8500061035156,paid,SPE
tr_phNRq90zFt0eM0gim9E7vw,2017-05-07,2017-05-07,2017-06-07,300.0,paid,SPC
tr_PhtyA9o9FxWRGdaWbbFatg,2017-04-12,2017-04-12,2017-05-12,110.0,paid,SPC
tr_PhWTC5JDnxQutmoFMwvJvg,2017-01-31,,,25.0,paid,TOP
tr_Pi0nUfHBCXvK5pGDSnWDA,2017-02-05,2017-02-05,2017-03-05,110.0,paid,SPC
tr_pJYTf6Gfnj1Wr0anefa9w,2017-01-11,2017-01-11,2017-02-11,110.0,paid,SPC
tr_pmzom98W0xzpdwZqmRLYw,2017-01-19,2017-01-01,2017-02-01,100.0,paid,SPC
tr_Pooj89YhNFx9MtFs86VWw,2017-07-03,2017-07-01,2017-08-01,9.0,paid,SPC
tr_PpqKQbagDZdAi46zSUVuQA,2017-08-02,,,60.0,paid,TOP
tr_PSLwBDM5rgJN72HaGPdaeQ,2017-07-23,2017-06-23,2017-07-23,20.549999237060547,paid,SPE
tr_ptbm1lF4czIfJewYiAXWEg,2017-06-07,2017-05-07,2017-06-07,519.989990234375,paid,SPE
tr_pTJlskJ0K8Jj8RwUQjnILQ,2017-04-17,,,1.75,paid,TOP
tr_pUeSLXKHQR755K9Bb1CA,2017-01-24,2016-12-24,2017-01-24,82.72000122070312,paid,SPE
tr_PWhvtGaHMEuc5Uoj82ENiA,2017-01-20,2017-01-20,2018-01-20,15750.0,voided,SPC
tr_pZjwbWqLF9QkQBrg0JnZw,2017-08-01,2017-08-01,2017-09-01,100.0,issued,SPC
tr_Q08T7Qb4YCPKf7z47bYWTg,2017-05-09,,,100.0,paid,TOP
tr_Q0i4XMVFM9jK0pezjAvQ,2017-01-31,,,19.34000015258789,paid,TOP
tr_q0m5knkvRBUYqkSHcprWfA,2017-04-12,2017-03-12,2017-04-12,983.5,paid,SPE
tr_q1jYAhsT7LKSLQNiogD1uA,2017-02-12,2017-02-12,2017-03-12,450.0,paid,SPC
tr_Q3zfEXm69etFYDfJmgTaw,2017-07-12,2017-08-01,2017-09-01,1000.0,issued,SPC
tr_Q4XBe8buYvDWgISRb3h5Q,2017-02-07,2016-10-19,2016-11-19,260.19000244140625,paid,SPE
tr_qaSbVYg24pwJ1N99SKg,2017-02-06,2017-01-01,2017-02-01,185.25,paid,SPE
tr_qBzBwTFQeN9xMSPK4HuiIA,2017-04-01,2017-04-01,2017-05-01,110.0,paid,SPC
tr_Qd42klHEDmpRhqCedDlA,2017-01-19,2016-12-01,2017-01-01,95.0,paid,SPC
tr_QfieT5YG0APlVgbfvJPQA,2017-05-24,,,26.239999771118164,paid,TOP
tr_QJdreKj2oNPEYXQD1zA17g,2017-04-22,2017-04-22,2017-05-22,900.0,paid,SPC
tr_qKblSCjWJx66AHPimycTQ,2017-07-26,2018-01-01,2018-02-01,2500.0,issuable,SPC
tr_QMa7GicSoX3tpYuABsDy4g,2017-07-05,2017-07-05,2017-08-05,110.0,paid,SPC
tr_qneFU2TBPmnjKWbwIZ7uMw,2017-06-30,2017-07-01,2017-08-01,390.0,paid,SPC
tr_QoEVApCLJuvlZl6Gn7HXnQ,2017-01-17,2017-01-01,2017-02-01,9.0,paid,SPC
tr_Qq2h5bSAdJur5oe8mF5Tpg,2017-03-15,2017-02-15,2018-02-15,18000.0,paid,SPC
tr_qrTtiaM61vB8qIZZB7QDuQ,2017-06-01,2017-06-01,2017-07-01,100.0,paid,SPC
tr_QSDu7ocCziIsL6oidFjnw,2017-05-02,2017-05-01,2017-06-01,100.0,paid,SPC
tr_QUMbC1DwPcATIxsJNnPj4A,2017-01-09,2017-07-05,2017-10-04,812.5,paid,SPC
tr_qXGHmqHkcYBPmfez6jqB5g,2017-03-29,,,69.44999694824219,paid,TOP
tr_qZhBK9qit8Rwdec59pmtg,2017-05-19,2017-04-25,2017-05-24,-110.0,paid,DIS
tr_QZYPCmgkWSRBNMqU2IIEw,2017-04-26,,,47.119998931884766,paid,TOP
tr_r0DctWqGfJb7XagxL4PA,2017-07-26,2017-09-01,2017-10-01,2500.0,issuable,SPC
tr_RACl602JAFK1w11ZRn4A,2017-01-19,2016-11-01,2016-12-01,390.0,paid,SPC
tr_RfQnJcQLSUXqxoVIeE9YA,2017-06-05,,,4.46999979019165,paid,TOP
tr_RhwsFF8KlGM5A2a9NVGA,2017-02-13,2017-02-13,2017-03-13,90.0,paid,SPC
tr_rkURQM6hRv9gl6RJQx3R8Q,2017-03-22,,,754.3599853515625,paid,TOP
tr_RM94lNlZTMamA4BgeLMQQ,2017-05-05,2017-04-01,2017-05-01,165.75,paid,SPE
tr_RMdLEQdYYNpf3KwKpDprsQ,2017-07-01,2017-07-01,2017-08-01,110.0,paid,SPC
tr_rTrpIenNnRl6UTV9mSljFg,2017-07-03,2017-07-01,2017-07-31,6000.0,voided,SPC
tr_rueHTKKWAwBcvNryZzWxA,2017-04-11,,,20.0,paid,TOP
tr_RvlroRa66HWD0KMEsUwhg,2017-06-14,2017-05-14,2017-06-14,2.9100000858306885,paid,SPE
tr_RvMW2rTYvpU4aMggGRg,2017-02-01,2017-02-01,2017-03-01,225.0,paid,SPC
tr_rXZZyzVLJ8vAHje6W9uA,2017-01-09,2017-10-05,2018-01-04,812.5,issuable,SPC
tr_RYTMVzLNHQxS4MpuNDqIgA,2017-01-22,2017-01-22,2017-02-22,900.0,paid,SPC
tr_rZpLIx4iYyKFx4tYTtuN6Q,2017-07-31,2017-11-01,2018-02-01,7000.0,issuable,SPC
tr_rzPuMTDiLTfHR37Tba5Rw,2017-04-01,2017-04-01,2017-05-01,1425.0,paid,SPC
tr_rZrl23U57ZD7JfqlWtJbw,2017-03-14,2017-02-13,2017-03-13,2.130000114440918,overdue,SPE
tr_s0q1HaY1II5kD77BHJDUxg,2017-04-28,2017-04-01,2017-05-01,96.9800033569336,paid,SPE
tr_s189s8NlyZKqYALsiHkBw,2017-04-17,,,164.1199951171875,paid,TOP
tr_s2j914ynr0SqdSabMrlA,2017-07-03,2018-01-01,2018-02-01,2800.0,issuable,SPC
tr_seQjz9ej2jJcFosMjLRw,2017-07-26,,,14.199999809265137,paid,TOP
tr_sgDaGHwS800G504Np2hw,2017-03-09,2017-03-09,2017-04-09,110.0,paid,SPC
tr_SGS1zbXd8VhgFj6hoFg,2017-05-12,2017-05-12,2017-06-12,450.0,paid,SPC
tr_sGxqu1WM7k64SwMhzXGgBQ,2017-03-03,2017-03-03,2017-04-03,60.0,paid,SPC
tr_SJDWoIVhnuDR18Dr9cpw,2017-06-22,2017-06-22,2017-07-22,900.0,paid,SPC
tr_sjtVsYRYAMk5GsZpJDX8Q,2017-06-06,2017-05-01,2017-08-01,21187.220703125,paid,SPC
tr_SlKrbp5u0qrYnc8eWA,2017-07-01,2017-06-01,2017-07-01,981.1199951171875,paid,SPE
tr_sLqRQZzH2WGj6wMoiKM86w,2017-05-17,,,79.30999755859375,paid,TOP
tr_SmbU8neKkoHQrypTYFzjQ,2017-04-13,,,8.130000114440918,paid,TOP
tr_SSgCyC8HA8IBd08Idg08qw,2017-01-07,2017-01-07,2017-02-07,300.0,paid,SPC
tr_SVhMRzIf38kES4KKavrw,2017-07-26,2017-10-15,2017-11-15,900.0,issuable,SPC
tr_SVjKJNBcyo6FvArUErT3VA,2017-04-10,2017-04-01,2017-05-01,1500.0,paid,SPC
tr_sVyWUcSz9kNtmGvcxz7PTw,2017-07-26,2017-09-15,2017-10-15,900.0,issuable,SPC
tr_SwNCxBhHV8iUZGksSjo36Q,2017-04-19,2017-04-19,2017-05-19,100.5,paid,SPC
tr_syQ2VPnZh6TFHyCIBcpTg,2017-02-22,2017-02-22,2017-03-22,900.0,paid,SPC
tr_sZ650eBRLEGrKEyRyCGw,2017-08-01,2017-08-01,2017-09-01,390.0,paid,SPC
tr_sZ7Ue1la9sIEVw2DljHvw,2017-02-02,2017-02-01,2017-03-01,45.0,paid,SPC
tr_SZbJp7CpQV68GjkBNqtug,2017-05-03,2017-05-03,2017-06-03,60.0,paid,SPC
tr_T5Q4ZqDe34vcRUcyXAoj6g,2017-02-27,2017-02-27,2017-03-27,110.0,paid,SPC
tr_T66kR6nMhCrGTYJpVGRw,2017-03-22,,,822.8900146484375,paid,TOP
tr_t6ZrsEtIXQCCQRYtE8EJqQ,2017-05-28,2017-04-28,2017-05-28,180.89999389648438,paid,SPE
tr_TaUGsaaP4mUdyha46ZWpjw,2017-01-09,,,19.649999618530273,paid,TOP
tr_tbozS5qRMpe1R8pInsg,2017-07-03,2017-11-01,2017-12-01,2800.0,issuable,SPC
tr_TclBXSSatTWIECpxdwSMg,2017-06-30,2017-07-01,2018-06-30,10800.0,paid,SPC
tr_TCTIhYufGkznqTAoCgo0ww,2017-06-26,2017-06-26,2017-07-26,525.0,paid,SPC
tr_TCU3cAn6lIWm3Ff82w,2017-02-02,2017-01-01,2017-02-01,360.75,paid,SPE
tr_TEjtFwI48pFDhCGBUlCg,2017-01-25,2017-01-25,2017-02-25,150.0,paid,SPC
tr_TfzCiJvoh6Z9qHvwgZ58A,2017-01-16,2017-01-16,2017-02-16,90.0,paid,SPC
tr_TGCeeh8bveF1LCLLWr0IwA,2017-08-01,2017-07-01,2017-08-01,2482.3798828125,paid,SPE
tr_Ti4GTrl6d3ePCZ2zLY1Q,2017-08-01,2017-08-01,2018-02-01,5400.0,issued,SPC
tr_tIBm3673PxG0AYW3WQ9Q,2017-03-12,2017-03-12,2017-04-12,450.0,paid,SPC
tr_Tim5g5nhz3N7F4lRF1ujbQ,2017-01-19,2016-12-01,2017-01-01,45.0,paid,SPE
tr_to3oUthL8tcxQRthoM2N8A,2017-04-28,2017-04-28,2017-05-28,1500.0,paid,SPC
tr_TR7rNhC6r2iNm3aPc4vLw,2017-03-08,,,11.930000305175781,paid,TOP
tr_tTl2k3PEzxnU4c5qftHGQ,2017-07-08,2017-06-08,2017-07-08,956.2000122070312,paid,SPE
tr_ttn08wUWTlkrwEqyj9pmow,2017-04-20,,,34.29999923706055,paid,TOP
tr_TtSVnXUUduF2f19wHw,2017-04-01,2017-04-01,2017-05-01,900.0,paid,SPC
tr_TuWEju6IJclscpToSqA,2017-08-06,2017-08-06,2017-09-06,450.0,paid,SPC
tr_TXLQ0ZTwTI7EwUgnJrZBQ,2017-07-26,2017-08-15,2018-02-14,660.0,voided,SPC
tr_TXlYn0TfToyWkjM1mu0S4w,2017-02-19,2017-02-19,2017-03-19,150.0,paid,SPC
tr_tY4Zb5v7wcaRt1ua93g,2017-02-09,,,15.949999809265137,paid,TOP
tr_u09IsuXJgAwVDxY64e76A,2017-02-28,2017-02-28,2017-03-28,110.0,paid,SPC
tr_U2WysJVsah6BEcCU0q7WA,2017-02-27,2017-01-13,2017-01-31,661.6799926757812,paid,SPE
tr_uAjfA4A8ElL2anR9uBfQ,2017-05-04,2017-05-01,2017-06-01,2800.0,paid,SPC
tr_ucbKVCIj1FbjF7F5CfnfKQ,2017-07-03,2018-01-01,2018-01-31,1400.0,not_invoiced,SPC
tr_uGBBt3yf1QK3ECJf5sCw,2017-06-01,2017-06-01,2017-07-01,110.0,paid,SPC
tr_UgBowH2z9SG4KrsHELWg,2017-03-01,2017-02-01,2017-03-01,19.850000381469727,paid,SPE
tr_Uk7c4urqXxQmRM4MQJLS7Q,2017-08-02,,,19.139999389648438,paid,TOP
tr_ul2c11cEeVlC1wtNCJdTyw,2017-07-12,2017-09-01,2017-10-01,1400.0,issuable,SPC
tr_uLEyrg89hs39EpN5LsG5A,2017-08-17,,,18.0,paid,TOP
tr_ULfMo9TjacKQXRmanAyA,2017-03-13,2017-02-01,2017-03-01,72.0,paid,SPE
tr_UlhKhakIWJR8ogtjbF3tsA,2017-03-30,2017-03-30,2018-03-30,8000.0,voided,SPC
tr_ULV1PTGzlpYdQp2c0aZf6w,2017-07-26,2018-01-17,2018-04-16,10800.0,issuable,SPC
tr_um8EZfzCpSDN9ucgI90vw,2017-07-31,2018-02-01,2018-05-01,7000.0,issuable,SPC
tr_UmBQuRFPo1DntS4BL6rA,2017-08-01,2017-07-01,2017-08-01,400.0,issued,SPC
tr_UMqdXB1xnR8ll08YQH9AA,2017-01-10,,,267.6400146484375,paid,TOP
tr_umVZAZEEk6n2fMjC4ar1w,2017-03-29,,,730.0,paid,TOP
tr_uNdhdGcu2lcZLbch0rk7Yw,2017-01-16,,,25.0,paid,TOP
tr_UnWXkX9oulxdAq3UedAjg,2017-04-03,2017-03-01,2017-04-01,57.0,paid,SPE
tr_UPpjvogC1wq3gaIG3dQvjQ,2017-03-06,2017-03-06,2017-04-06,450.0,paid,SPC
tr_uR5iASLVvoIlheqikSkg,2017-03-14,2017-03-14,2017-04-14,450.0,paid,SPC
tr_URIyCsCopMUIkbk5Iibmg,2017-05-14,2017-04-14,2017-05-14,0.9300000071525574,paid,SPE
tr_usBKv13Cqs8iiFThNBaw,2017-06-07,,,75.0,paid,TOP
tr_uugDGDeXuvVHkneTqAHA,2017-02-07,2017-01-07,2017-02-07,815.3400268554688,paid,SPE
tr_Uv3AK7dkjWBauGT50mQ,2017-01-05,2016-12-01,2017-01-01,45.0,paid,SPC
tr_UVrv7h0UnI4lGRmikdJ2dg,2017-03-31,,,63.790000915527344,paid,TOP
tr_uwMVR2A4nroVVq9k4Cdw,2017-07-12,2017-07-12,2017-08-12,110.0,paid,SPC
tr_UwrUYrs5HxkW65K1RuXA,2017-07-03,2018-05-01,2018-06-01,1400.0,issuable,SPC
tr_UYnrbe3bT2gZZfXKp4qhZA,2017-03-08,2017-03-08,2017-04-08,1500.0,paid,SPC
tr_uyohEYU46FMANQCgzynobA,2017-05-25,,,11.010000228881836,paid,TOP
tr_UZlrU2ZXPtDhhwMKnlhlog,2017-02-14,,,250.0,paid,TOP
tr_UzyQgUwNGq2jWo0fhQ3w,2017-02-23,,,38.06999969482422,paid,TOP
tr_V0jgEtYYkM0F56B9Fohww,2017-04-28,2017-04-28,2017-05-28,110.0,paid,SPC
tr_v1GuHxidninNCTY7JrA2g,2017-07-31,2018-05-01,2018-08-01,7000.0,issuable,SPC
tr_v5ALExykEVjbxTm5wz73g,2017-08-01,2017-08-01,2017-09-01,-100.0,issued,DIS
tr_vBqet41JuZ6Pna1fNtBdaA,2017-05-01,2017-05-01,2017-06-01,1425.0,paid,SPC
tr_VbxFcYeU5IuXvjQK3h4hMw,2017-01-21,,,113.08000183105469,paid,TOP
tr_VDjaDZMa2mfVM79wg86ug,2017-01-05,2017-01-05,2017-02-05,110.0,paid,SPC
tr_VDrWT31TbFxcaBpus3MXiQ,2017-01-16,2017-01-16,2017-02-16,110.0,paid,SPC
tr_vDsCMwdhWS0XTBElqjn4Vw,2017-02-08,2017-02-08,2017-03-08,1500.0,paid,SPC
tr_VgdSKHLbx1nDIPt30Qt8g,2017-05-12,,,96.0,paid,TOP
tr_vigRLybNT1jHjQqy1ypxWQ,2017-03-06,2017-02-06,2017-03-06,994.280029296875,paid,SPE
tr_Vjb8DtfmvzoHVRQZLWiJg,2017-05-28,2017-05-28,2017-06-28,110.0,paid,SPC
tr_Vjdj2QJiWS558VCzJeraw,2017-04-26,2017-04-26,2017-05-26,525.0,paid,SPC
tr_VmIbgjKhK5hHJTuuuaUA,2017-07-28,,,60.0,paid,TOP
tr_vmrkk3hqf2JxEZbDSxFw,2017-05-03,,,31.170000076293945,paid,TOP
tr_VnGFRSt5GA9AyAvumMlwQ,2017-02-09,,,458.4200134277344,paid,TOP
tr_vnNW0GQ6GU35negyiAsfug,2017-07-26,2018-03-01,2018-04-01,2500.0,issuable,SPC
tr_voe2Qzt1ATCKsQlTLaIajg,2017-01-09,2016-12-25,2017-01-25,120.72000122070312,voided,SPE
tr_Vp6YRXw6eIbLfatDq9bWg,2017-05-28,2017-05-28,2017-06-28,110.0,paid,SPC
tr_VpQSHUaCmUicauDD0o3A,2017-04-09,2017-03-09,2017-04-09,220.0500030517578,voided,SPE
tr_VprsCJnBEtwI0jx3Krk9Q,2017-01-09,2017-01-09,2018-01-08,5000.0,paid,SPC
tr_VQsRUNiQvYMfNnubbcIuA,2017-03-19,2017-03-19,2017-04-19,249.0,voided,SPC
tr_vqUhAS3r4U1EJyPS6ygvyg,2017-04-26,2017-03-27,2017-04-27,151.0800018310547,paid,SPE
tr_VSW5DKqYdyq7DW6WZylpA,2017-05-31,2017-05-01,2017-06-01,1500.0,paid,SPC
tr_VSYvCbooP0RdAZyRdtLH1w,2017-04-28,2017-04-28,2017-05-28,110.0,paid,SPC
tr_VtbxZfYd2lfztFRljamhQ,2017-04-03,2017-04-01,2017-05-01,100.0,paid,SPC
tr_VTcQQDVbjk8Y6VQh14Ivg,2017-06-06,,,41.04999923706055,issued,TOP
tr_VX0GuqG7pENlfTUYnEr8A,2017-03-08,,,41.459999084472656,paid,TOP
tr_vxZ2MnprKLoTFRwaRJKlBQ,2017-02-28,2017-06-01,2017-07-01,1000.0,paid,SPC
tr_VY3k7fx5vESFSkMTZ62MHQ,2017-06-28,2017-06-28,2017-07-28,110.0,paid,SPC
tr_VZcmWgl7CW2SZFSsTm1y7Q,2017-02-23,,,34.779998779296875,paid,TOP
tr_W4cV6D79haFJSncpaK1XA,2017-07-31,2017-08-01,2017-11-01,6000.0,overdue,SPC
tr_WbvjtmIiTWcjEo6I8Vg,2017-04-18,,,5.039999961853027,paid,TOP
tr_Wf7MokhG72b78iLWdF0g,2017-05-02,2017-04-01,2017-05-01,27.0,paid,SPE
tr_WfJVs5aiqkYY101vVXjbRg,2017-06-01,2017-05-01,2017-06-01,84.0,paid,SPE
tr_WFwDU17yY8jPnyBYHtJnw,2017-04-03,2017-04-01,2017-05-01,390.0,paid,SPC
tr_WGE6LNYNxB5uz7NuI8WWg,2017-02-14,,,118.63999938964844,paid,TOP
tr_wgoR6RmtgBUTY7cjTG3CWA,2017-07-03,2018-03-01,2018-04-01,1400.0,issuable,SPC
tr_Wh10vfBkgxX82ot75HIGA,2017-05-29,2017-05-01,2017-06-01,1750.0,paid,SPC
tr_WJYfQ7ZDH7Q8HMEpBsw,2017-07-26,2017-07-26,2017-08-26,525.0,paid,SPC
tr_wlDA9N7AoVHeCaF9pKPg,2017-02-01,2017-02-01,2017-03-01,110.0,paid,SPC
tr_WM6n2Kt8VT6K6L3VjEPQ,2017-08-01,2017-07-01,2017-08-01,144.0,paid,SPE
tr_WMoULzwv5gpc7Mqne56A,2017-04-21,,,127.9000015258789,paid,TOP
tr_wo1791xfjo6PmG0w0Qg,2017-01-25,2016-12-25,2017-01-25,1668.6300048828125,paid,SPE
tr_WpxdDS6JHBdhrRJ8d5U4w,2017-01-29,2017-01-29,2017-02-28,110.0,paid,SPC
tr_wq2jKSuMuSJDrUiaJTE4rA,2017-03-29,2017-03-31,2018-03-30,12000.0,paid,SPC
tr_WqmyeJJ9wbFwwbjwHkh8Ww,2017-02-02,2017-01-01,2017-02-01,93.0,paid,SPE
tr_WQw8P9xS05b7tp6VaQo4qg,2017-05-19,2017-04-25,2018-04-24,1320.0,paid,SPC
tr_wRd4Jp7hZTqq3yRMZG0aog,2017-07-03,2017-09-01,2017-09-30,1400.0,not_invoiced,SPC
tr_wrHaJXJopWWMFH1sc2w3ug,2017-02-26,2017-02-26,2017-03-26,525.0,paid,SPC
tr_Wwlkb9q81jCYMXX6gaEPDw,2017-01-19,2017-01-01,2017-02-01,95.0,paid,SPC
tr_wWMgiDhJvJye3wNsPc0hA,2017-03-26,2017-03-26,2017-04-30,1500.0,paid,SPC
tr_WX1vHri4kX56gUlLUbbDw,2017-07-03,2017-07-01,2017-08-01,2800.0,paid,SPC
tr_wXSCa9mBgqIRaq7zP6RvA,2017-02-01,2017-01-01,2017-02-01,3326.639892578125,paid,SPE
tr_WzDcsTSZXqvccXLsSc8iFw,2017-05-18,,,48.0,paid,TOP
tr_x0PzhlrDAbdoRG9D9oNZA,2017-04-03,2017-04-03,2017-05-03,60.0,paid,SPC
tr_X29aKPmahboBeQ0RBP6mQ,2017-02-03,2017-01-01,2017-02-01,51.0,paid,SPE
tr_x2leM19odfUAGmaLM9huvg,2017-04-03,2017-03-01,2017-04-01,78.0,paid,SPE
tr_X4FgmYrmboFDdCauKK5HSA,2017-01-23,,,25.0,paid,TOP
tr_X4mDJNxGSXPu8XnJwpKPgg,2017-01-17,2016-12-01,2017-01-01,72.0,paid,SPE
tr_X4zKAk0JlwQw3X9G3Cw,2017-03-28,,,44.54999923706055,paid,TOP
tr_X89fmJ2b722Z3csqLUg,2017-03-24,2017-02-24,2017-03-24,49.34000015258789,paid,SPE
tr_x8rYaYzxda1e5dSpg2DMQ,2017-02-26,2017-01-26,2017-02-26,333.7300109863281,paid,SPE
tr_XAWETvCzEreoJieTeUg,2017-03-13,2017-03-01,2017-04-01,100.0,paid,SPC
tr_xaXeIEtdyxu3mRwvC4tFg,2017-06-14,2017-05-14,2017-06-14,3.4200000762939453,overdue,SPE
tr_xdQnJBCFEPBprEcswEV0jg,2017-08-14,2017-07-14,2017-08-14,5.21999979019165,issued,SPE
tr_XDZ4lRBWuuWqATfDG45ZxQ,2017-01-08,2016-12-08,2017-01-08,2945.360107421875,paid,SPE
tr_Xg5a7NljNaoNSfepn1w,2017-03-13,2017-03-01,2017-04-01,390.0,paid,SPC
tr_xmiQc6gNijn7gjL1Vrl8iQ,2017-05-14,2017-04-14,2017-05-14,146.8800048828125,overdue,SPE
tr_xnuQyoY6PfW2AFg6SyLr1w,2017-08-10,2017-08-01,2017-09-01,-416.0,overdue,DIS
tr_Xo0xhA5Gst2zJh95MlKA,2017-04-10,,,280.0,paid,TOP
tr_xPgsna7T2IuibKydjkCFQ,2017-08-01,2017-08-01,2018-07-31,1200.0,paid,SPC
tr_xqKam0xmqDcSp7c8iwUNw,2017-06-16,,,23.969999313354492,paid,TOP
tr_XT8vYd9rfFcqaigohzA,2017-01-05,2017-01-05,2017-02-05,110.0,paid,SPC
tr_XtmpJSBR3CqAwzoZ6CuA,2017-01-19,,,8.949999809265137,paid,TOP
tr_XttSlDMeYoIcxikuJXzIbQ,2017-06-19,2017-06-19,2017-07-19,100.5,paid,SPC
tr_xTwTSoSkmrazDvN79gXWA,2017-04-23,2017-04-23,2017-05-23,90.0,paid,SPC
tr_xVJJjVJPtvxVPmhzkEMrg,2017-02-13,2017-01-13,2017-02-13,58.380001068115234,paid,SPE
tr_XVtwrhuNas0Q98lRLd8Dw,2017-06-27,2018-03-01,2018-06-01,2700.0,issuable,SPC
tr_xvvxVX9dfXvquQjNGEg,2017-08-07,2017-08-07,2017-09-07,300.0,overdue,SPC
tr_XwIhR7WHiW061Bey6ev6g,2017-08-01,2017-08-01,2017-09-01,9.0,paid,SPC
tr_XX0G1arlN3UHlz9RKuS99A,2017-03-15,2017-02-15,2017-03-15,1066.469970703125,paid,SPE
tr_xXNWpeWUvBWVYYMQHDQw,2017-06-29,2017-06-16,2017-12-15,10080.0,issued,SPC
tr_y3KgrvQKNLIdCJMrVWsLg,2017-02-03,2017-02-01,2017-03-01,29.0,paid,SPC
tr_Y3qN9Hmkpmul2rnFKBgbA,2017-07-26,2017-12-15,2018-01-15,900.0,issuable,SPC
tr_Y5Ak3szklT6qbVxP63q1Q,2017-02-28,2017-08-01,2017-08-31,1000.0,issuable,SPC
tr_YacoqYKhDf2x7cLRiQlXw,2017-03-01,,,452.6499938964844,paid,TOP
tr_YBv9LZYiey5DetCKJssA,2017-01-26,2017-01-26,2017-02-26,525.0,paid,SPC
tr_ycdaNLDXeo5WHyQKFoHyw,2017-02-03,2017-01-01,2017-02-01,321.0,paid,SPE
tr_yfCBYPB1mM73m2Fbu4DuQ,2017-02-13,2017-01-13,2017-02-13,610.5900268554688,paid,SPE
tr_YH7cGwgYeZYy9WStdeaaGQ,2017-02-28,2017-02-28,2017-03-28,1500.0,paid,SPC
tr_Yi5o3hGPqPoL6nDHiKWXYA,2017-05-25,2017-08-01,2017-09-01,2333.330078125,paid,SPC
tr_Yk6ssRMeaLnR0qtoV5g,2017-03-15,2017-02-20,2018-02-19,6000.0,paid,SPC
tr_ylNVhGLdBk4V539ACRdA,2017-08-01,2017-08-01,2017-09-01,100.0,paid,SPC
tr_YLvnP5hKkp0cbYQSbvmodw,2017-07-03,2017-06-01,2017-07-01,75.0,paid,SPE
tr_YmZFZQhNL1kRhMvMPogTtg,2017-06-30,,,113.5999984741211,paid,TOP
tr_Yoh783ZBe8VJf5IHlp7wg,2017-07-26,2018-06-01,2018-07-01,2500.0,issuable,SPC
tr_yp3Uscea1NDe19zJgDjb4w,2017-04-03,2017-04-01,2017-05-01,29.0,paid,SPC
tr_yQSVE93Ur8bj5WlBUiRPw,2017-02-23,2017-02-23,2017-03-23,90.0,paid,SPC
tr_YqwGAGoylCwSUdFGMTpsog,2017-07-12,,,1000.0,not_invoiced,
tr_YQz5MkUlGnXaTNmYD0Y7Q,2017-08-09,2017-08-09,2017-09-09,3600.0,issued,SPC
tr_yRPzNl7crfE6dFzQ6ig,2017-02-28,2017-09-01,2017-09-30,1000.0,issuable,SPC
tr_ys9cWYRpyAcBbWuMBARFQ,2017-02-24,,,48.0,paid,TOP
tr_YshfY0y4pYyd12orY4B4w,2017-04-04,,,32.91999816894531,paid,TOP
tr_YsjAUCdVKodm30L0owZ1g,2017-08-01,2017-09-01,2017-10-01,45.0,issuable,SPC
tr_ytfvVxxpiEr1VhKT9xgYg,2017-07-24,2017-07-24,2018-07-23,9000.0,issued,SPC
tr_YUnqsKMMR5aal1dsBzlg,2017-08-08,2017-07-08,2017-08-08,715.5599975585938,issued,SPE
tr_yVPjxF5JXERLoBH34c4w,2017-01-09,2017-01-09,2017-02-09,7200.0,voided,SPC
tr_yW03aqagb6to7u1e35m9Q,2017-06-03,2017-06-03,2017-07-03,60.0,paid,SPC
tr_yYvWZkHw1mJRZSvd07uCA,2017-01-17,2017-01-15,2017-02-15,900.0,paid,SPC
tr_yZ4s5mhEpnwmFJ0ZuY2Q,2017-07-22,2017-07-22,2017-08-22,900.0,paid,SPC
tr_yzX6gWr9lo7fLF4jYB069Q,2017-02-07,,,185.52000427246094,paid,TOP
tr_Z3bS2P50rV2nJgU4gr4DXQ,2017-06-05,2017-06-05,2017-07-05,110.0,paid,SPC
tr_z4fJRCLZXDTpMHBPQbQHHA,2017-04-03,2017-03-01,2017-04-01,438.75,paid,SPE
tr_Z9ioCIHHrbJ6Re1Z1P3A,2017-07-03,2018-06-01,2018-07-01,1400.0,issuable,SPC
tr_zIa1zgjnXaR1E3vvTfuEg,2017-04-14,2017-03-14,2017-04-14,6899.8798828125,paid,SPE
tr_zkLyaN7goD3DlqStEq0g,2017-05-19,2017-05-19,2017-06-19,150.0,paid,SPC
tr_zMeGUE8ypPrDkF8w7Q,2017-04-28,,,882.3599853515625,paid,
tr_Zovcxtef9vwWBlSJGHRIA,2017-03-13,2017-03-01,2017-04-01,9.0,paid,SPC
tr_zoWIN1YPi5oIkFuF3SMMyA,2017-05-02,2017-05-01,2017-06-01,9.0,paid,SPC
tr_zP1lEvQjoab9ccRSHYxbg,2017-05-18,,,160.0,paid,TOP
tr_zP5FDi5uzBRp79WzSwjv2w,2017-04-03,2017-03-31,2018-03-30,12000.0,paid,SPC
tr_zpkK9cmKH4STp4CIkZbpEA,2017-02-28,2017-12-01,2017-12-31,1000.0,issuable,SPC
tr_Zt8Zdc6Wo9Au5tBl8KtpAA,2017-07-03,2017-06-01,2017-07-01,261.0,paid,SPE
tr_zwkCBbMeNYCDE2Eemaq2PA,2017-06-01,2017-06-01,2017-07-01,9.0,paid,SPC
tr_ZX3PulowgZLAWorpAhu2Q,2017-03-27,2017-02-27,2017-03-27,169.77000427246094,paid,SPE
tr_zxwvYdnwbDzGG0PL1RkA,2017-03-23,2017-02-23,2017-03-23,27.420000076293945,paid,SPE